#Locus name, STR number for STR loci/Allele name for SNP loci, Sequence
Amelogenin,X,CCCTGGGCTCTGTAAAGAATAGTGTGTTGATTCTTTATCCCAGATGTTTCTCAAGTGGTCCTGATTTTACAGTTCCTACCACCAGCTTCCCAGTTTAAGCTCTGAT
Amelogenin,Y,CCCTGGGCTCTGTAAAGAATAGTGGGTGGATTCTTCATCCCAAATAAAGTGGTTTCTCAAGTGGTCCCAATTTTACAGTTCCTACCATCAGCTTCCCAGTTTAAGCTCTGAT
CSF1PO,9,CCGGAGGTAAAGGTGTCTTAAAGTGAGAAAGAATAACTGCATCTTAACCTATTGGGAGGTCATTGTAAAGAGGAGAGTGATGGGGTCAGATTGTACAGAGGAGGCACTTCGTGGTGGTCAGGAGCACACACTCCAGGGCAGTGTTCCAACCTGAGTCTGCCAAGGACTAGCAGGTTGCTAACCACCCTGTGTCTCAGTTTTCCTACCTGTAAAATGAAGATATTAACAGTAACTGCCTTCATAGATAGAAGATAGATAGATTAGATAGATAGATAGATAGATAGATAGATAGATAGATAGGAAGTACTTAGAACAGGGTCTGACACAGGAAAT
CSF1PO,10,CCGGAGGTAAAGGTGTCTTAAAGTGAGAAAGAATAACTGCATCTTAACCTATTGGGAGGTCATTGTAAAGAGGAGAGTGATGGGGTCAGATTGTACAGAGGAGGCACTTCGTGGTGGTCAGGAGCACACACTCCAGGGCAGTGTTCCAACCTGAGTCTGCCAAGGACTAGCAGGTTGCTAACCACCCTGTGTCTCAGTTTTCCTACCTGTAAAATGAAGATATTAACAGTAACTGCCTTCATAGATAGAAGATAGATAGATTAGATAGATAGATAGATAGATAGATAGATAGATAGATAGATAGGAAGTACTTAGAACAGGGTCTGACACAGGAAAT
CSF1PO,11,CCGGAGGTAAAGGTGTCTTAAAGTGAGAAAGAATAACTGCATCTTAACCTATTGGGAGGTCATTGTAAAGAGGAGAGTGATGGGGTCAGATTGTACAGAGGAGGCACTTCGTGGTGGTCAGGAGCACACACTCCAGGGCAGTGTTCCAACCTGAGTCTGCCAAGGACTAGCAGGTTGCTAACCACCCTGTGTCTCAGTTTTCCTACCTGTAAAATGAAGATATTAACAGTAACTGCCTTCATAGATAGAAGATAGATAGATTAGATAGATAGATAGATAGATAGATAGATAGATAGATAGATAGATAGGAAGTACTTAGAACAGGGTCTGACACAGGAAAT
CSF1PO,12,CCGGAGGTAAAGGTGTCTTAAAGTGAGAAAGAATAACTGCATCTTAACCTATTGGGAGGTCATTGTAAAGAGGAGAGTGATGGGGTCAGATTGTACAGAGGAGGCACTTCGTGGTGGTCAGGAGCACACACTCCAGGGCAGTGTTCCAACCTGAGTCTGCCAAGGACTAGCAGGTTGCTAACCACCCTGTGTCTCAGTTTTCCTACCTGTAAAATGAAGATATTAACAGTAACTGCCTTCATAGATAGAAGATAGATAGATTAGATAGATAGATAGATAGATAGATAGATAGATAGATAGATAGATAGATAGGAAGTACTTAGAACAGGGTCTGACACAGGAAAT
D13S317,8,ATTACAGAAGTCTGGGATGTGGAGGAGAGTTCATTTCTTTAGTGGGCATCCGTGACTCTCTGGACTCTGACCCATCTAACGCCTATCTGTATTTACAAATACATTATCTATCTATCTATCTATCTATCTATCTATCAATCAATCATCTATCTATCTTTCTGTCTGTCTTTTTGGGCTGCC
D13S317,9,ATTACAGAAGTCTGGGATGTGGAGGAGAGTTCATTTCTTTAGTGGGCATCCGTGACTCTCTGGACTCTGACCCATCTAACGCCTATCTGTATTTACAAATACATTATCTATCTATCTATCTATCTATCTATCTATCTATCAATCAATCATCTATCTATCTTTCTGTCTGTCTTTTTGGGCTGCC
D13S317,11,ATTACAGAAGTCTGGGATGTGGAGGAGAGTTCATTTCTTTAGTGGGCATCCGTGACTCTCTGGACTCTGACCCATCTAACGCCTATCTGTATTTACAAATACATTATCTATCTATCTATCTATCTATCTATCTATCTATCTATCTATCTATCAATCATCTATCTATCTTTCTGTCTGTCTTTTTGGGCTGCC
D13S317,11,ATTACAGAAGTCTGGGATGTGGAGGAGAGTTCATTTCTTTAGTGGGCATCCGTGACTCTCTGGACTCTGACCCATCTAACGCCTATCTGTATTTACAAATACATTATCTATCTATCTATCTATCTATCTATCTATCTATCTATCTATCAATCAATCATCTATCTATCTTTCTGTCTGTCTTTTTGGGCTGCC
D13S317,12,ATTACAGAAGTCTGGGATGTGGAGGAGAGTTCATTTCTTTAGTGGGCATCCGTGACTCTCTGGACTCTGACCCATCTAACGCCTATCTGTATTTACAAATACATTATCTATCTATCTATCTATCTATCTATCTATCTATCTATCTATCTATCAATCAATCATCTATCTATCTTTCTGTCTGTCTTTTTGGGCTGCC
D16S539,9,GGGGGTCTAAGAGCTTGTAAAAAGTGTACAAGTGCCAGATGCTCGTTGTGCACAAATCTAAATGCAGAAAAGCACTGAAAGAAGAATCCAGAAAACCACAGTTCCCATTTTTATATGGGAGCAAACAAAGGCAGATCCCAAGCTCTTCCTCTTCCCTAGATCAATACAGACAGACAGACAGGTGGATAGATAGATAGATAGATAGATAGATAGATAGATATCATTGAAAGACAAACCAGAGATGGATGATAGATACATGCTTACAGATGCACACACAAAC
D16S539,10,GGGGGTCTAAGAGCTTGTAAAAAGTGTACAAGTGCCAGATGCTCGTTGTGCACAAATCTAAATGCAGAAAAGCACTGAAAGAAGAATCCAGAAAACCACAGTTCCCATTTTTATATGGGAGCAAACAAAGGCAGATCCCAAGCTCTTCCTCTTCCCTAGATCAATACAGACAGACAGACAGGTGGATAGATAGATAGATAGATAGATAGATAGATAGATAGATATCATTGAAAGACAAAACAGAGATGGATGATAGATACATGCTTACAGATGCACACACAAAC
D16S539,10,GGGGGTCTAAGAGCTTGTAAAAAGTGTACAAGTGCCAGATGCTCGTTGTGCACAAATCTAAATGCAGAAAAGCACTGAAAGAAGAATCCAGAAAACCACAGTTCCCATTTTTATATGGGAGCAAACAAAGGCAGATCCCAAGCTCTTCCTCTTCCCTAGATCAATACAGACAGACAGACAGGTGGATAGATAGATAGATAGATAGATAGATAGATAGATAGATATCATTGAAAGACAAACCAGAGATGGATGATAGATACATGCTTACAGATGCACACACAAAC
D16S539,11,GGGGGTCTAAGAGCTTGTAAAAAGTGTACAAGTGCCAGATGCTCGTTGTGCACAAATCTAAATGCAGAAAAGCACTGAAAGAAGAATCCAGAAAACCACAGTTCCCATTTTTATATGGGAGCAAACAAAGGCAGATCCCAAGCTCTTCCTCTTCCCTAGATCAATACAGACAGACAGACAGGTGGATAGATAGATAGATAGATAGATAGATAGATAGATAGATAGATATCATTGAAAGACAAAACAGAGATGGATGATAGATACATGCTTACAGATGCACACACAAAC
D16S539,12,GGGGGTCTAAGAGCTTGTAAAAAGTGTACAAGTGCCAGATGCTCGTTGTGCACAAATCTAAATGCAGAAAAGCACTGAAAGAAGAATCCAGAAAACCACAGTTCCCATTTTTATATGGGAGCAAACAAAGGCAGATCCCAAGCTCTTCCTCTTCCCTAGATCAATACAGACAGACAGACAGGTGGATAGATAGATAGATAGATAGATAGATAGATAGATAGATAGATAGATATCATTGAAAGACAAAACAGAGATGGATGATAGATACATGCTTACAGATGCACACACAAAC
D16S539,13,GGGGGTCTAAGAGCTTGTAAAAAGTGTACAAGTGCCAGATGCTCGTTGTGCACAAATCTAAATGCAGAAAAGCACTGAAAGAAGAATCCCGAAAACCACAGTTCCCATTTTTATATGGGAGCAAACAAAGGCAGATCCCAAGCTCTTCCTCTTCCCTAGATCAATACAGACAGACAGACAGGTGGATAGATAGATAGATAGATAGATAGATAGATAGATAGATAGATAGATAGATATCATTGAAAGACAAAACAGAGATGGATGATAGATACATGCTTACAGATGCACACACAAAC
D16S539,13,GGGGGTCTAAGAGCTTGTAAAAAGTGTACAAGTGCCAGATGCTCGTTGTGCACAAATCTAAATGCAGAAAAGCACTGAAAGAAGAATCCAGAAAACCACAGTTCCCATTTTTATATGGGAGCAAACAAAGGCAGATCCCAAGCTCTTCCTCTTCCCTAGATCAATACAGACAGACAGACAGGTGGATAGATAGATAGATAGATAGATAGATAGATAGATAGATAGATAGATAGATATCATTGAAAGACAAAACAGAGATGGATGATAGATACATGCTTACAGATGCACACACAAAC
D18S51,12,TTCTTGAGCCCAGAAGGTTAAGGCTGCAGTGAGCCATGTTCATGCCACTGCACTTCACTCTGAGTGACAAATTGAGACCTTGTCTCAGAAAGAAAGAAAGAAAGAAAGAAAGAAAGAAAGAAAGAAAGAAAGAAAAAGAGAGAGGAAAGAAAGAGAAAAAGAAAAGAAATAGTAGCAACTGTTATTGTAAGACATCTCCACACACCAGAGAAGTTAATTTTAATTTTAACATGTTAAGAACAGAGAGAAGCCAACATGTCCACCTTAGGCTGACGGTTTGTTTATTTGTGTTGTTGCTGGTAGAAT
D18S51,13,TTCTTGAGCCCAGAAGGTTAAGGCTGCAGTGAGCCATGTTCATGCCACTGCACTTCACTCTGAGTGACAAATTGAGACCTTGTCTCAGAAAGAAAGAAAGAAAGAAAGAAAGAAAGAAAGAAAGAAAGAAAGAAAGAAAAAGAGAGAGGAAAGAAAGAGAAAAAGAAAAGAAATAGTAGCAACTGTTATTGTAAGACATCTCCACACACCAGAGAAGTTAATTTTAATTTTAACATGTTAAGAACAGAGAGAAGCCAACATGTCCACCTTAGGCTGACGGTTTGTTTATTTGTGTTGTTGCTGGTAGAAT
D18S51,15,TTCTTGAGCCCAGAAGGTTAAGGCTGCAGTGAGCCATGTTCATGCCACTGCACTTCACTCTGAGTGACAAATTGAGACCTTGTCTCAGAAAGAAAGAAAGAAAGAAAGAAAGAAAGAAAGAAAGAAAGAAAGAAAGAAAGAAAGAAAAAGAGAGAGGAAAGAAAGAGAAAAAGAAAAGAAATAGTAGCAACTGTTATTGTAAGACATCTCCACACACCAGAGAAGTTAATTTTAATTTTAACATGTTAAGAACAGAGAGAAGCCAACATGTCCACCTTAGGCTGACGGTTTGTTTATTTGTGTTGTTGCTGGTAGAAT
D18S51,16,TTCTTGAGCCCAGAAGGTTAAGGCTGCAGTGAGCCATGTTCATGCCACTGCACTTCACTCTGAGTGACAAATTGAGACCTTGTCTCAGAAAGAAAGAAAGAAAGAAAGAAAGAAAGAAAGAAAGAAAGAAAGAAAGAAAGAAAGAAAGAAAAAGAGAGAGGAAAGAAAGAGAAAAAGAAAAGAAATAGTAGCAACTGTTATTGTAAGACATCTCCACACACCAGAGAAGTTAATTTTAATTTTAACATGTTAAGAACAGAGAGAAGCCAACATGTCCACCTTAGGCTGACGGTTTGTTTATTTGTGTTGTTGCTGGTAGAAT
D18S51,18,TTCTTGAGCCCAGAAGGTTAAGGCTGCAGTGAGCCATGTTCATGCCACTGCACTTCACTCTGAGTGACAAATTGAGACCTTGTCTCAGAAAGAAAGAAAGAAAGAAAGAAAGAAAGAAAGAAAGAAAGAAAGAAAGAAAGAAAGAAAGAAAGAAAGAAAAAGAGAGAGGAAAGAAAGAGAAAAAGAAAAGAAATAGTAGCAACTGTTATTGTAAGACATCTCCACACACCAGAGAAGTTAATTTTAATTTTAACATGTTAAGAACAGAGAGAAGCCAACATGTCCACCTTAGGCTGACGGTTTGTTTATTTGTGTTGTTGCTGGTAGAAT
D18S51,19,TTCTTGAGCCCAGAAGGTTAAGGCTGCAGTGAGCCATGTTCATGCCACTGCACTTCACTCTGAGTGACAAATTGAGACCTTGTCTCAGAAAGAAAGAAAGAAAGAAAGAAAGAAAGAAAGAAAGAAAGAAAGAAAGAAAGAAAGAAAGAAAGAAAGAAAGAAAAAGAGAGAGGAAAGAAAGAGAAAAAGAAAAGAAATAGTAGCAACTGTTATTGTAAGACATCTCCACACACCAGAGAAGTTAATTTTAATTTTAACATGTTAAGAACAGAGAGAAGCCAACATGTCCACCTTAGGCTGACGGTTTGTTTATTTGTGTTGTTGCTGGTAGAAT
D21S11,28,ATATGTGAGTCAATTCCCCAAGTGAATTGCCTTCTATCTATCTATCTATCTGTCTGTCTGTCTGTCTGTCTGTCTATCTATCTATATCTATCTATCTATCATCTATCTATCCATATCTATCTATCTATCTATCTATCTATCTATCTATCTATCTATCGTCTATCTATCCAGTCTATCTACCTCCTATTAGTCTGTCTCTGGAGAACATTGACTAATACA
D21S11,29,ATATGTGAGTCAATTCCCCAAGTGAATTGCCTTCTATCTATCTATCTATCTGTCTGTCTGTCTGTCTGTCTGTCTATCTATCTATATCTATCTATCTATCATCTATCTATCCATATCTATCTATCTATCTATCTATCTATCTATCTATCTATCTATCTATCGTCTATCTATCCAGTCTATCTACCTCCTATTAGTCTGTCTCTGGAGAACATTGACTAATACA
D21S11,30,ATATGTGAGTCAATTCCCCAAGTGAATTGCCTTCTATCTATCTATCTATCTGTCTGTCTGTCTGTCTGTCTGTCTATCTATCTATATCTATCTATCTATCATCTATCTATCCATATCTATCTATCTATCTATCTATCTATCTATCTATCTATCTATCTATCTATCGTCTATCTATCCAGTCTATCTACCTCCTATTAGTCTGTCTCTGGAGAACATTGACTAATACA
D21S11,30,ATATGTGAGTCAATTCCCCAAGTGAATTGCCTTCTATCTATCTATCTATCTATCTATCTGTCTGTCTGTCTGTCTGTCTATCTATCTATATCTATCTATCTATCATCTATCTATCCATATCTATCTATCTATCTATCTATCTATCTATCTATCTATCTATCTATCGTCTATCTATCCAGTCTATCTACCTCCTATTAGTCTGTCTCTGGAGAACATTGACTAATACA
D21S11,31,ATATGTGAGTCAATTCCCCAAGTGAATTGCCTTCTATCTATCTATCTATCTGTCTGTCTGTCTGTCTGTCTGTCTATCTATCTATATCTATCTATCTATCATCTATCTATCCATATCTATCTATCTATCTATCTATCTATCTATCTATCTATCTATCTATCTATCTATCGTCTATCTATCCAGTCTATCTACCTCCTATTAGTCTGTCTCTGGAGAACATTGACTAATACA
D21S11,31.2,ATATGTGAGTCAATTCCCCAAGTGAATTGCCTTCTATCTATCTATCTATCTATCTGTCTGTCTGTCTGTCTGTCTGTCTATCTATCTATATCTATCTATCTATCATCTATCTATCCATATCTATCTATCTATCTATCTATCTATCTATCTATCTATCTATCTATATCTATCGTCTATCTATCCAGTCTATCTACCTCCTATTAGTCTGTCTCTGGAGAACATTGACTAATACA
D21S11,32,ATATGTGAGTCAATTCCCCAAGTGAATTGCCTTCTATCTATCTATCTATCTGTCTGTCTGTCTGTCTGTCTGTCTATCTATCTATATCTATCTATCTATCATCTATCTATCCATATCTATCTATCTATCTATCTATCTATCTATCTATCTATCTATCTATCTATCTATCTATCGTCTATCTATCCAGTCTATCTACCTCCTATTAGTCTGTCTCTGGAGAACATTGACTAATACA
D21S11,32.2,ATATGTGAGTCAATTCCCCAAGTGAATTGCCTTCTATCTATCTATCTATCTATCTGTCTGTCTGTCTGTCTGTCTGTCTATCTATCTATATCTATCTATCTATCATCTATCTATCCATATCTATCTATCTATCTATCTATCTATCTATCTATCTATCTATCTATCTATATCTATCGTCTATCTATCCAGTCTATCTACCTCCTATTAGTCTGTCTCTGGAGAACATTGACTAATACA
D3S1358,14,ACTGCAGTCCAATCTGGGTGACAGAGCAAGACCCTGTCTCATAGATAGATAGATAGATAGATAGATAGATAGATAGATAGATAGACAGACAGATAGATACATGCAAGCCTCTGTTGATTTCAT
D3S1358,15,ACTGCAGTCCAATCTGGGTGACAGAGCAAGACCCTGTCTCATAGATAGATAGATAGATAGATAGATAGATAGATAGATAGATAGATAGACAGACAGATAGATACATGCAAGCCTCTGTTGATTTCAT
D3S1358,15,ACTGCAGTCCAATCTGGGTGACAGAGCAAGACCCTGTCTCATAGATAGATAGATAGATAGATAGATAGATAGATAGATAGATAGACAGACAGACAGATAGATACATGCAAGCCTCTGTTGATTTCAT
D3S1358,16,ACTGCAGTCCAATCTGGGTGACAGAGCAAGACCCTGTCTCATAGATAGATAGATAGATAGATAGATAGATAGATAGATAGATAGATAGATAGACAGACAGATAGATACATGCAAGCCTCTGTTGATTTCAT
D3S1358,16,ACTGCAGTCCAATCTGGGTGACAGAGCAAGACCCTGTCTCATAGATAGATAGATAGATAGATAGATAGATAGATAGATAGATAGATAGACAGACAGACAGATAGATACATGCAAGCCTCTGTTGATTTCAT
D3S1358,17,ACTGCAGTCCAATCTGGGTGACAGAGCAAGACCCTGTCTCATAGATAGATAGATAGATAGATAGATAGATAGATAGATAGATAGATAGATAGACAGACAGACAGATAGATACATGCAAGCCTCTGTTGATTTCAT
D3S1358,18,ACTGCAGTCCAATCTGGGTGACAGAGCAAGACCCTGTCTCATAGATAGATAGATAGATAGATAGATAGATAGATAGATAGATAGATAGATAGATAGACAGACAGACAGATAGATACATGCAAGCCTCTGTTGATTTCAT
D3S1358,19,ACTGCAGTCCAATCTGGGTGACAGAGCAAGACCCTGTCTCATAGATAGATAGATAGATAGATAGATAGATAGATAGATAGATAGATAGATAGATAGATAGACAGACAGACAGATAGATACATGCAAGCCTCTGTTGATTTCAT
D5S818,11,GGTGATTTTCCTCTTTGGTATCCTTATGTAATATTTTGAAGATAGATAGATAGATAGATAGATAGATAGATAGATAGATAGATAGAGGTATAAATAAGGATACAGATAAAGATACAAATGTTGTAAACTGTGGCT
D5S818,11,GGTGATTTTCCTCTTTGGTATCCTTACGTAATATTTTGAAGATAGATAGATAGATAGATAGATAGATAGATAGATAGATAGATAGAGGTATAAATAAGGATACAGATAAAGATACAAATGTTGTAAACTGTGGCT
D5S818,12,GGTGATTTTCCTCTTTGGTATCCTTACGTAATATTTTGAAGATAGATAGATAGATAGATAGATAGATAGATAGATAGATAGATAGATAGATGTATAAATAAGGATACAGATAAAGATACAAATGTTGTAAACTGTGGCT
D5S818,12,GGTGATTTTCCTCTTTGGTATCCTTACGTAATATTTTGAAGATAGATAGATAGATAGATAGATAGATAGATAGATAGATAGATAGATAGAGGTATAAATAAGGATACAGATAAAGATACAAATGTTGTAAACTGTGGCT
D5S818,12,GGTGATTTTCCTCTTTGGTATCCTTATGTAATATTTTGAAGATAGATAGATAGATAGATAGATAGATAGATAGATAGATAGATAGATAGAGGTATAAATAAGGATACAGATAAAGATACAAATGTTGTAAACTGTGGCT
D5S818,13,GGTGATTTTCCTCTTTGGTATCCTTACGTAATATTTTGAAGATAGATAGATAGATAGATAGATAGATAGATAGATAGATAGATAGATAGATAGATGTATAAATAAGGATACAGATAAAGATACAAATGTTGTAAACTGTGGCT
D7S820,8,ATGTTGGTCAGGCTGACTATGGAGTTATTTTAAGGTTAATATATATAAAGGGTATGATAGAACACTTGTCATAGTTTAGAACGAACTAACGATAGATAGATAGATAGATAGATAGATAGATAGACAGATTGATAGTTTTTTTTTATCTCACTAAATAGTCTATAGTAAACATTTAATTACCAATATTTGGTGCAATTCTGTCAATGAGGATAAATGTGGAATC
D7S820,9,ATGTTGGTCAGGCTGACTATGGAGTTATTTTAAGGTTAATATATATAAAGGGTATGATAGAACACTTGTCATAGTTTAGAACGAACTAACGATAGATAGATAGATAGATAGATAGATAGATAGATAGACAGATTGATAGTTTTTTTTTATCTCACTAAATAGTCTATAGTAAACATTTAATTACCAATATTTGGTGCAATTCTGTCAATGAGGATAAATGTGGAATC
D7S820,10,ATGTTGGTCAGGCTGACTATGGAGTTATTTTAAGGTTAATATATATAAAGGGTATGATAGAACACTTGTCATAGTTTAGAACGAACTAACGATAGATAGATAGATAGATAGATAGATAGATAGATAGATAGACAGATTGATAGTTTTTTTTTATCTCACTAAATAGTCTATAGTAAACATTTAATTACCAATATTTGGTGCAATTCTGTCAATGAGGATAAATGTGGAATC
D7S820,10,ATGTTGGTCAGGCTGACTATGGAGTTATTTTAAGGTTAATATATATAAAGGGTATGATAGAACACTTGTCATAGTTTAGAACGAACTAACGATAGATAGATAGATAGATAGATAGATAGATAGATAGATAGACAGATTGATAGTTTTTTTTAATCTCACTAAATAGTCTATAGTAAACATTTAATTACCAATATTTGGTGCAATTCTGTCAATGAGGATAAATGTGGAATC
D7S820,11,ATGTTGGTCAGGCTGACTATGGAGTTATTTTAAGGTTAATATATATAAAGGGTATGATAGAACACTTGTCATAGTTTAGAACGAACTAACGATAGATAGATAGATAGATAGATAGATAGATAGATAGATAGATAGACAGATTGATAGTTTTTTTTTATCTCACTAAATAGTCTATAGTAAACATTTAATTACCAATATTTGGTGCAATTCTGTCAATGAGGATAAATGTGGAATC
D8S1179,10,ATTGCAACTTATATGTATTTTTGTATTTCATGTGTACATTCGTATCTATCTATCTATCTATCTATCTATCTATCTATCTATCTATTCCCCACAGTGAAAATAATCTACAGGATAGGTAAATAAATTAAGGCATATTCACGCAATGGGATACGATACAGTGATGAAAATGAACTAATTATAGCTACGTGAAACTATACTCATGAACACAATTTGGT
D8S1179,12,ATTGCAACTTATATGTATTTTTGTATTTCATGTGTACATTCGTATCTATCTATCTATCTATCTATCTATCTATCTATCTATCTATCTATCTATTCCCCACAGTGAAAATAATCTACAGGATAGGTAAATAAATTAAGGCATATTCACGCAATGGGATACGATACAGTGATGAAAATGAACTAATTATAGCTACGTGAAACTATACTCATGAACACAATTTGGT
D8S1179,13,ATTGCAACTTATATGTATTTTTGTATTTCATGTGTACATTCGTATCTATCTATCTATCTATCTATCTATCTATCTATCTATCTATCTATCTATCTATTCCCCACAGTGAAAATAATCTACAGGATAGGTAAATAAATTAAGGCATATTCACGCAATGGGATACGATACAGTGATGAAAATGAACTAATTATAGCTACGTGAAACTATACTCATGAACACAATTTGGT
D8S1179,13,ATTGCAACTTATATGTATTTTTGTATTTCATGTGTACATTCGTATCTATCTGTCTATCTATCTATCTATCTATCTATCTATCTATCTATCTATCTATTCCCCACAGTGAAAATAATCTACAGGATAGGTAAATAAATTAAGGCATATTCACGCAATGGGATACGATACAGTGATGAAAATGAACTAATTATAGCTACGTGAAACTATACTCATGAACACAATTTGGT
D8S1179,14,ATTGCAACTTATATGTATTTTTGTATTTCATGTGTACATTCGTATCTATCTATCTGTCTATCTATCTATCTATCTATCTATCTATCTATCTATCTATCTATTCCCCACAGTGAAAATAATCTACAGGATAGGTAAATAAATTAAGGCATATTCACGCAATGGGATACGATACAGTGATGAAAATGAACTAATTATAGCTACGTGAAACTATACTCATGAACACAATTTGGT
D8S1179,14,ATTGCAACTTATATGTATTTTTGTATTTCATGTGTACATTCGTATCTATCTGTCTATCTATCTATCTATCTATCTATCTATCTATCTATCTATCTATCTATTCCCCACAGTGAAAATAATCTACAGGATAGGTAAATAAATTAAGGCATATTCACGCAATGGGATACGATACAGTGATGAAAATGAACTAATTATAGCTACGTGAAACTATACTCATGAACACAATTTGGT
D8S1179,15,ATTGCAACTTATATGTATTTTTGTATTTCATGTGTACATTCGTATCTATCTATCTGTCTATCTATCTATCTATCTATCTATCTATCTATCTATCTATCTATCTATTCCCCACAGTGAAAATAATCTACAGGATAGGTAAATAAATTAAGGCATATTCACGCAATGGGATACGATACAGTGATGAAAATGAACTAATTATAGCTACGTGAAACTATACTCATGAACACAATTTGGT
FGA,20,GGCTGCAGGGCATAACATTATCCAAAAGTCAAATGCCCCATAGGTTTTGAACTCACAGATTAAACTGTAACCAAAATAAAATTAGGCATATTTACAAGCTAGTTTCTTTCTTTCTTTTTTCTCTTTCTTTCTTTCTTTCTTTCTTTCTTTCTTTCTTTCTTTCTTTCTTTCTCCTTCCTTCCTTTCTTCCTTTCTTTTTTGCTGGCAATTACAGACAAATCACTCAGCAGCTACTTCAATAACCATATTTTCGATTTCAGACCGTGATAATACCTACAACCGAGTGTCAGAGGATCTGAGAAGCAGAATTGAAGTCCTGAAGCGCAAAGTCATAGAAT
FGA,21,GGCTGCAGGGCATAACATTATCCAAAAGTCAAATGCCCCATAGGTTTTGAACTCACAGATTAAACTGTAACCAAAATAAAATTAGGCATATTTACAAGCTAGTTTCTTTCTTTCTTTTTTCTCTTTCTTTCTTTCTTTCTTTCTTTCTTTCTTTCTTTCTTTCTTTCTTTCTTTCTCCTTCCTTCCTTTCTTCCTTTCTTTTTTGCTGGCAATTACAGACAAATCACTCAGCAGCTACTTCAATAACCATATTTTCGATTTCAGACCGTGATAATACCTACAACCGAGTGTCAGAGGATCTGAGAAGCAGAATTGAAGTCCTGAAGCGCAAAGTCATAGAAT
FGA,23,GGCTGCAGGGCATAACATTATCCAAAAGTCAAATGCCCCATAGGTTTTGAACTCACAGATTAAACTGTAACCAAAATAAAATTAGGCATATTTACAAGCTAGTTTCTTTCTTTCTTTTTTCTCTTTCTTTCTTTCTTTCTTTCTTTCTTTCTTTCTTTCTTTCTTTCTTTCTTTCTTTCTTTCTCCTTCCTTCCTTTCTTCCTTTCTTTTTTGCTGGCAATTACAGACAAATCACTCAGCAGCTACTTCAATAACCATATTTTCGATTTCAGACCGTGATAATACCTACAACCGAGTGTCAGAGGATCTGAGAAGCAGAATTGAAGTCCTGAAGCGCAAAGTCATAGAAT
FGA,24,GGCTGCAGGGCATAACATTATCCAAAAGTCAAATGCCCCATAGGTTTTGAACTCACAGATTAAACTGTAACCAAAATAAAATTAGGCATATTTACAAGCTAGTTTCTTTCTTTCTTTTTTCTCTTTCTTTCTTTCTTTCTTTCTTTCTTTCTTTCTTTCTTTCTTTCTTTCTTTCTTTCTTTCTTTCTCCTTCCTTCCTTTCTTCCTTTCTTTTTTGCTGGCAATTACAGACAAATCACTCAGCAGCTACTTCAATAACCATATTTTCGATTTCAGACCGTGATAATACCTACAACCGAGTGTCAGAGGATCTGAGAAGCAGAATTGAAGTCCTGAAGCGCAAAGTCATAGAAT
PentaD,8,GAAGGTCGAAGCTGAAGTGAGCCATGATCACACCACTACACTCCAGCCTAGGTGACAGAGCAAGACACCATCTCAAGAAAGAAAAAAAAGAAAGAAAAGAAAAGAAAAGAAAAGAAAAGAAAAGAAAAGAAAAAACGAAGGGGAAAAAAAGAGAATCATAAACATAAATGTAAAATTTCTCAAAAAAATCGTTATGACCATAGGTTAGGCAAATATTTCTTAGATATCACAAAATCATGACCTATTAAAAAATAATAATAAAGTAAGTTTCATCAAAACTTAAAAGTTCTACTCTTCAAAAGATACCTTATAAAGAAAGTAAAAAGACACGCCACAGGCTAAGAGAAAGTACTTCTAATCACATATCTAAAAAAGGACTTGTGTCCAGATTAAAGAATTCTAAT
PentaD,9,GAAGGTCGAAGCTGAAGTGAGCCATGATCACACCACTACACTCCAGCCTAGGTGACAGAGCAAGACACCATCTCAAGAAAGAAAAAAAAGAAAGAAAAGAAAAGAAAAGAAAAGAAAAGAAAAGAAAAGAAAAGAAAAAACGAAGGGGAAAAAAAGAGAATCATAAACATAAATGTAAAATTTCTCAAAAAAATCGTTATGACCATAGGTTAGGCAAATATTTCTTAGATATCACAAAATCATGACCTATTAAAAAATAATAATAAAGTAAGTTTCATCAAAACTTAAAAGTTCTACTCTTCAAAAGATACCTTATAAAGAAAGTAAAAAGACACGCCACAGGCTAAGAGAAAGTACTTCTAATCACATATCTAAAAAAGGACTTGTGTCCAGATTAAAGAATTCTAAT
PentaD,9,GAAGGTCGAAGCTGAAGTGAGCCATGATCACACCACTACACTCCAGCCTAGGTGACAGAGCAAGACACCATCTCAAGAAAGAAAAAAAAGAAAGAAAAGAAAAGAAAAGAAAAGAAAAGAAAAGAAAAGAAAAGAAAAAACGAAGGGGAAAAAAAGAGAATCATAAACATAAATGTAAAATTTCTCAAAAAAATCGTTATGACCATAGGTTAGGCAAATATTTCTTAGATATCACAAAATCATGACCTATTAAAAAATAATAATAAAGTAAGTTTCATCAAAACTTAAAAGTTCTACTCTTCAAAAGATACCTTATAAAGAAAGTAAAAAGACACGCCACAGGCTAAGAGAAAGTACTTCTAATCACATATCTCAAAAAGGACTTGTGTCCAGATTAAAGAATTCTAAT
PentaD,12,GAAGGTCGAAGCTGAAGTGAGCCATGATCACACCACTACACTCCAGCCTAGGTGACAGAGCAAGACACCATCTCAAGAAAGAAAAAAAAGAAAGAAAAGAAAAGAAAAGAAAAGAAAAGAAAAGAAAAGAAAAGAAAAGAAAAGAAAAGAAAAAACGAAGGGGAAAAAAAGAGAATCATAAACATAAATGTAAAATTTCTCAAAAAAATCGTTATGACCATAGGTTAGGCAAATATTTCTTAGATATCACAAAATCATGACCTATTAAAAAATAATAATAAAGTAAGTTTCATCAAAACTTAAAAGTTCTACTCTTCAAAAGATACCTTATAAAGAAAGTAAAAAGACACGCCACAGGCTAAGAGAAAGTACTTCTAATCACATATCTAAAAAAGGACTTGTGTCCAGATTAAAGAATTCTAAT
PentaD,13,GAAGGTCGAAGCTGAAGTGAGCCATGATCACACCACTACACTCCAGCCTAGGTGACAGAGCAAGACACCATCTCAAGAAAGAAAAAAAAGAAAGAAAAGAAAAGAAAAGAAAAGAAAAGAAAAGAAAAGAAAAGAAAAGAAAAGAAAAGAAAAGAAAAAACGAAGGGGAAAAAAAGAGAATCATAAACATAAATGTAAAATTTCTCAAAAAAATCGTTATGACCATAGGTTAGGCAAATATTTCTTAGATATCACAAAATCATGACCTATTAAAAAATAATAATAAAGTAAGTTTCATCAAAACTTAAAAGTTCTACTCTTCAAAAGATACCTTATAAAGAAAGTAAAAAGACACGCCACAGGCTAAGAGAAAGTACTTCTAATCACATATCTAAAAAAGGACTTGTGTCCAGATTAAAGAATTCTAAT
PentaE,5,ATTACCAACATGAAAGGGTACCAATAACAAGAAAATTGTGGACAGGTGCGGTGATTCACGCCTGCAATCCTAGCACTTTGGGAGGCCGATGCAGGTGTATTACCTGAGCTCAGGAGATCAAGACCAGCCTGGGCAACATGGTGAAACCCCGTCTCTACTAAAATACAAAAAATTAGCTGGGTGTGGTGGTAGGCACCTGTAATCCCAGCTACTCTGGAGGCTGAAACAGGAGAATCACTTGAACCCAGGAGGTGGAGATTGAAGTGAGCCGAGATCACGCCATTGCACTCCAGCCTGGGCGACTGAGCAAGACTCAGTCTCAAAGAAAAGAAAAGAAAAGAAAAGAAAATTGTAAGGAGTTTTCTCAATTAATAACCCA
PentaE,7,ATTACCAACATGAAAGGGTACCAATAACAAGAAAATTGTGGCCAGGTGCGGTGGTTCACGCCTGCAATCCTAGCACTTTGGGAGGCCGATGCAGGTGTATTACCTGAGCTCAGGAGATCAAGACCAGCCTGGGCAACATGGTGAAACCCCGTCTCTACTAAAATACAAAAAATTAGCTGGGTGTGGTGGTAGGCACCTATAATCCCAGCTACTCTGGAGGCTGAAACAGGAGAATCACTTGAACCCAGGAGGTGGAGATTGAAGTGAGCCGAGATCACGCCATTGCACTCCAGCCTGGGCGACTGAGCAAGACTCAGTCTCAAAGAAAAGAAAAGAAAAGAAAAGAAAAGAAAAGAAAATTGTAAGGAGTTTTCTCAATTAATAACCCA
PentaE,10,ATTACCAACATGAAAGGGTACCAATAACAAGAAAATTGTGGCCAGGTGCGGTGGTTCACGCCTGCAATCCTAGCACTTTGGGAGGCCGATGCAGGTGTATTACCTGAGCTCAGGAGATCAAGACCAGCCTGGGCAACATGGTGAAACCCCGTCTCTACTAAAATACAAAAAATTAGCTGGGTGTGGTGGTAGGCACCTATAATCCCAGCTACTCTGGAGGCTGAAACAGGAGAATCACTTGAACCCAGGAGGTGGAGATTGAAGTGAGCCGAGATCACGCCATTGCACTCCAGCCTGGGCGACTGAGCAAGACTCAGTCTCAAAGAAAAGAAAAGAAAAGAAAAGAAAAGAAAAGAAAAGAAAAGAAAAGAAAATTGTAAGGAGTTTTCTCAATTAATAACCCA
PentaE,12,ATTACCAACATGAAAGGGTACCAATAACAAGAAAATTGTGGCCAGGTGCGGTGGTTCACGCCTGCAATCCTAGCACTTTGGGAGGCCGATGCAGGTGTATTACCTGAGCTCAGGAGATCAAGACCAGCCTGGGCAACATGGTGAAACCCCGTCTCTACTAAAATACAAAAAATTAGCTGGGTGTGGTGGTAGGCACCTATAATCCCAGCTACTCTGGAGGCTGAAACAGGAGAATCACTTGAACCCAGGAGGTGGAGATTGAAGTGAGCCGAGATCACGCCATTGCACTCCAGCCTGGGCGACTGAGCAAGACTCAGTCTCAAAGAAAAGAAAAGAAAAGAAAAGAAAAGAAAAGAAAAGAAAAGAAAAGAAAAGAAAAGAAAATTGTAAGGAGTTTTCTCAATTAATAACCCA
PentaE,13,ATTACCAACATGAAAGGGTACCAATAACAAGAAAATTGTGGCCAGGTGCGGTGGTTCACGCCTGCAATCCTAGCACTTTGGGAGGCCGATGCAGGTGTATTACCTGAGCTCAGGAGATCAAGACCAGCCTGGGCAACATGGTGAAACCCCGTCTCTACTAAAATACAAAAAATTAGCTGGGTGTGGTGGTAGGCACCTATAATCCCAGCTACTCTGGAGGCTGAAACAGGAGAATCACTTGAACCCAGGAGGTGGAGATTGAAGTGAGCCGAGATCACGCCATTGCACTCCAGCCTGGGCGACTGAGCAAGACTCAGTCTCAAAGAAAAGAAAAGAAAAGAAAAGAAAAGAAAAGAAAAGAAAAGAAAAGAAAAGAAAAGAAAAGAAAATTGTAAGGAGTTTTCTCAATTAATAACCCA
PentaE,14,ATTACCAACATGAAAGGGTACCAATAACAAGAAAATTGTGGCCAGGTGCGGTGGTTCACGCCTGCAATCCTAGCACTTTGGGAGGCCGATGCAGGTGTATTACCTGAGCTCAGGAGATCAAGACCAGCCTGGGCAACATGGTGAAACCCCGTCTCTACTAAAATACAAAAAATTAGCTGGGTGTGGTGGTAGGCACCTATAATCCCAGCTACTCTGGAGGCTGAAACAGGAGAATCACTTGAACCCAGGAGGTGGAGATTGAAGTGAGCCGAGATCACGCCATTGCACTCCAGCCTGGGCGACTGAGCAAGACCCAGTCTCAAAGAAAAGAAAAGAAAAGAAAAGAAAAGAAAAGAAAAGAAAAGAAAAGAAAAGAAAAGAAAAGAAAAGAAAATTGTAAGGAGTTTTCTCAATTAATAACCCA
PentaE,15,ATTACCAACATGAAAGGGTACCAATAACAAGAAAATTGTGGCCAGGTGCGGTGGTTCACGCCTGCAATCCTAGCACTTTGGGAGGCCGATGCAGGTGTATTACCTGAGCTCAGGAGATCAAGACCAGCCTGGGCAACATGGTGAAACCCCGTCTCTACTAAAATACAAAAAATTAGCTGGGTGTGGTGGTAGGCACCTATAATCCCAGCTACTCTGGAGGCTGAAACAGGAGAATCACTTGAACCCAGGAGGTGGAGATTGAAGTGAGCCGAGATCACGCCATTGCACTCCAGCCTGGGCGACTGAGCAAGACTCAGTCTCAAAGAAAAGAAAAGAAAAGAAAAGAAAAGAAAAGAAAAGAAAAGAAAAGAAAAGAAAAGAAAAGAAAAGAAAAGAAAATTGTAAGGAGTTTTCTCAATTAATAACCCA
TH01,6,GTGATTCCCATTGGCCTGTTCCTCCCTTATTTCCCTCATTCATTCATTCATTCATTCATTCACCATGGAGTCTGTGTTCCCTGTGACCTGCACTCGGAAGCCCTGTGTACAGGGGACTGTGTGGGCCAGGCTGGATAATCGGGAGCTTTTCAGCCCACAGGAAT
TH01,8,GTGATTCCCATTGGCCTGTTCCTCCCTTATTTCCCTCATTCATTCATTCATTCATTCATTCATTCATTCACCATGGAGTCTGTGTTCCCTGTGACCTGCACTCGGAAGCCCTGTGTACAGGGGACTGTGTGGGCCAGGCTGGATAATCGGGAGCTTTTCAGCCCACAGGAAT
TH01,9.3,GTGATTCCCATTGGCCTGTTCCTCCCTTATTTCCCTCATTCATTCATTCATCATTCATTCATTCATTCATTCATTCACCATGGAGTCTGTGTTCCCTGTGACCTGCACTCGGAAGCCCTGTGTACAGGGGACTGTGTGGGCCAGGCTGGATAATCGGGAGCTTTTCAGCCCACAGGAAT
TPOX,8,GCACAGAACAGGCACTTAGGGAACCCTCACTGAATGAATGAATGAATGAATGAATGAATGAATGTTTGGGCAAATAAACGCTGACAAGGACAGAAGGGCCTAGCGGGAAGGGAACAGGAGTAAGACCAGCGCACAGCCCGACTTGTGTTCAGAAGACCTGGGATTGGACCTGAGGAGTTCAATTTTGGATGAATCTCTTAATTAACCTGTGGGGTTCCCAGTTCCTCCCCTGAGCGCCCAGGACAGTAGAGTCAACCTCACGTTTGAGCG
TPOX,9,GCACAGAACAGGCACTTAGGGAACCCTCACTGAATGAATGAATGAATGAATGAATGAATGAATGAATGTTTGGGCAAATAAACGCTGACAAGGACAGAAGGGCCTAGCGGGAAGGGAACAGGAGTAAGACCAGCGCACAGCCCGACTTGTGTTCAGAAGACCTGGGATTGGACCTGAGGAGTTCAATTTTGGATGAATCTCTTAATTAACCTGTGTGGTTCCCAGTTCCTCCCCTGAGCGCCCAGGACAGTAGAGTCAACCTCACGTTTGAGCG
TPOX,11,GCACAGAACAGGCACTTAGGGAACCCTCACTGAATGAATGAATGAATGAATGAATGAATGAATGAATGAATGAATGTTTGGGCAAATAAACGCTGACAAGGACAGAAGGGCCTAGCGGGAAGGGAACAGGAGTAAGACCAGCGCACAGCCCGACTTGTGTTCAGAAGACCTGGGATTGGACCTGAGGAGTTCAATTTTGGATGAATCTCTTAATTAACCTGTGTGGTTCCCAGTTCCTCCCCTGAGCGCCCAGGACAGTAGAGTCAACCTCACGTTTGAGCG
vWA,16,GCCCTAGTGGATGATAAGAATAATCAGTATGTGACTTGGATTGATCTATCTGTCTGTCTGTCTGTCTATCTATCTATCTATCTATCTATCTATCTATCTATCTATCTATCCATCTATCCATCCATCCTATGTATTTATCATCTGTCC
vWA,16,GCCCTAGTGGATGATAAGAATAATCAGTATGTGACTTGGATTGATCTATCTGTCTGTCTGTCTATCTATCTATCTATCTATCTATCTATCTATCTATCTATCTATCTATCCATCTATCCATCCATCCTATGTATTTATCATCTGTCC
vWA,17,GCCCTAGTGGATGATAAGAATAATCAGTATGTGACTTGGATTGATCTATCTGTCTGTCTGTCTGTCTATCTATCTATCTATCTATCTATCTATCTATCTATCTATCTATCTATCCATCTATCCATCCATCCTATGTATTTATCATCTGTCC
vWA,18,GCCCTAGTGGATGATAAGAATAATCAGTATGTGACTTGGATTGATCTATCTGTCTGTCTGTCTGTCTATCTATCTATCTATCTATCTATCTATCTATCTATCTATCTATCTATCTATCCATCTATCCATCCATCCTATGTATTTATCATCTGTCC
vWA,19,GCCCTAGTGGATGATAAGAATAATCAGTATGTGACTTGGATTGATCTATCTGTCTGTCTGTCTGTCTATCTATCTATCTATCTATCTATCTATCTATCTATCTATCTATCTATCTATCTATCCATCTATCCATCCATCCTATGTATTTATCATCTGTCC
