FGA,4,GGCTGCAGGGCATAACATTA,ATTCTATGACTTTGCGCTTCAGGA
TPOX,4,GCACAGAACAGGCACTTAGG,CGCTCAAACGTGAGGTTG
D8S1179,4,ATTGCAACTTATATGTATTTTTGTATTTCATG,ACCAAATTGTGTTCATGAGTATAGTTTC
vWA,4,GCCCTAGTGGATGATAAGAATAATCAGTATGTG,GGACAGATGATAAATACATAGGATGGATGG
Amelogenin,SNP,CCCTGGGCTCTGTAAAGAA,ATCAGAGCTTAAACTGGGAAGCTG
PentaE,5,ATTACCAACATGAAAGGGTACCAATA,TGGGTTATTAATTGAGAAAACTCCTTACAATTT
D18S51,4,TTCTTGAGCCCAGAAGGTTA,ATTCTACCAGCAACAACACAAATAAAC
D21S11,4,ATATGTGAGTCAATTCCCCAAG,TGTATTAGTCAATGTTCTCCAGAGAC
TH01,4,GTGATTCCCATTGGCCTGTTC,ATTCCTGTGGGCTGAAAAGCTC
D3S1358,4,ACTGCAGTCCAATCTGGGT,ATGAAATCAACAGAGGCTTGC
PentaD,5,GAAGGTCGAAGCTGAAGTG,ATTAGAATTCTTTAATCTGGACACAAG
CSF1PO,4,CCGGAGGTAAAGGTGTCTTAAAGT,ATTTCCTGTGTCAGACCCTGTT
D16S539,4,GGGGGTCTAAGAGCTTGTAAAAAG,GTTTGTGTGTGCATCTGTAAGCATGTATC
D7S820,4,ATGTTGGTCAGGCTGACTATG,GATTCCACATTTATCCTCATTGAC
D13S317,4,ATTACAGAAGTCTGGGATGTGGAGGA,GGCAGCCCAAAAAGACAGA
D5S818,4,GGTGATTTTCCTCTTTGGTATCC,AGCCACAGTTTACAACATTTGTATCT
